Rem Copyright (c) 1990, 2017, Oracle and/or its affiliates. 
Rem All rights reserved.
Rem NAME
REM    UTLSAMPL.SQL
Rem  FUNCTION
Rem  NOTES
Rem    BEGIN SQL_FILE_METADATA
Rem    SQL_SOURCE_FILE: rdbms/admin/utlsampl.sql
Rem    SQL_SHIPPED_FILE: rdbms/admin/utlsampl.sql
Rem    SQL_PHASE: UTILITY
Rem    SQL_STARTUP_MODE: NORMAL
Rem    SQL_IGNORABLE_ERRORS: NONE
Rem    END SQL_FILE_METADATA
Rem    
Rem  MODIFIED
Rem     lburgess   04/02/06  - lowercase passwords 
Rem     menash     02/21/01 -  remove unnecessary users for security reasons
Rem     gwood      03/23/99 -  make all dates Y2K compliant
Rem     jbellemo   02/27/97 -  dont connect as system
Rem     akolk      08/06/96 -  bug 368261: Adding date formats
Rem     glumpkin   10/21/92 -  Renamed from SQLBLD.SQL 
Rem     blinden   07/27/92 -  Added primary and foreign keys to EMP and DEPT
Rem     rlim       04/29/91 -         change char to varchar2 
Rem     mmoore     04/08/91 -         use unlimited tablespace priv 
Rem     pritto     04/04/91 -         change SYSDATE to 13-JUL-87 
Rem   Mendels    12/07/90 - bug 30123;add to_date calls so language independent
Rem
rem 
rem $Header: rdbms/admin/utlsampl.sql /main/6 2017/05/28 22:46:13 stanaya Exp $ sqlbld.sql 
rem 
SET TERMOUT OFF
SET ECHO OFF

rem CONGDON    Invoked in RDBMS at build time.   29-DEC-1988
rem OATES:     Created: 16-Feb-83

PROMPT 
PROMPT specify password for SCOTT as parameter 1:
DEFINE scott_pwd 		= &1
PROMPT 
PROMPT specify net service name for connection as parameter 2:
DEFINE net_service_name = &2
PROMPT

DROP USER SCOTT CASCADE;
DROP USER ADAMS CASCADE;
DROP USER JONES CASCADE;
DROP USER CLARK CASCADE;
DROP USER BLAKE CASCADE;

CREATE USER scott IDENTIFIED BY &&scott_pwd DEFAULT TABLESPACE users TEMPORARY TABLESPACE temp;

GRANT CONNECT,RESOURCE,UNLIMITED TABLESPACE TO scott IDENTIFIED BY &&scott_pwd;
DROP PUBLIC SYNONYM PARTS;

CONNECT scott/&&scott_pwd@&&net_service_name

CREATE TABLE DEPT(
	DEPTNO NUMBER(2) CONSTRAINT PK_DEPT PRIMARY KEY,
	DNAME VARCHAR2(14),
	LOC VARCHAR2(13)
);

CREATE TABLE EMP(
	EMPNO NUMBER(4) CONSTRAINT PK_EMP PRIMARY KEY,
	ENAME VARCHAR2(10),
	JOB VARCHAR2(9),
	MGR NUMBER(4),
	HIREDATE DATE,
	SAL NUMBER(7,2),
	COMM NUMBER(7,2),
	DEPTNO NUMBER(2) CONSTRAINT FK_DEPTNO REFERENCES DEPT
);

INSERT INTO DEPT VALUES (10,'ACCOUNTING','NEW YORK');
INSERT INTO DEPT VALUES (20,'RESEARCH','DALLAS');
INSERT INTO DEPT VALUES (30,'SALES','CHICAGO');
INSERT INTO DEPT VALUES (40,'OPERATIONS','BOSTON');

INSERT INTO EMP VALUES
(7369,'SMITH','CLERK',7902,to_date('17-12-1980','dd-mm-yyyy'),800,NULL,20);
INSERT INTO EMP VALUES
(7499,'ALLEN','SALESMAN',7698,to_date('20-2-1981','dd-mm-yyyy'),1600,300,30);
INSERT INTO EMP VALUES
(7521,'WARD','SALESMAN',7698,to_date('22-2-1981','dd-mm-yyyy'),1250,500,30);
INSERT INTO EMP VALUES
(7566,'JONES','MANAGER',7839,to_date('2-4-1981','dd-mm-yyyy'),2975,NULL,20);
INSERT INTO EMP VALUES
(7654,'MARTIN','SALESMAN',7698,to_date('28-9-1981','dd-mm-yyyy'),1250,1400,30);
INSERT INTO EMP VALUES
(7698,'BLAKE','MANAGER',7839,to_date('1-5-1981','dd-mm-yyyy'),2850,NULL,30);
INSERT INTO EMP VALUES
(7782,'CLARK','MANAGER',7839,to_date('9-6-1981','dd-mm-yyyy'),2450,NULL,10);
INSERT INTO EMP VALUES
(7788,'SCOTT','ANALYST',7566,to_date('13-JUL-87','dd-mm-rr')-85,3000,NULL,20);
INSERT INTO EMP VALUES
(7839,'KING','PRESIDENT',NULL,to_date('17-11-1981','dd-mm-yyyy'),5000,NULL,10);
INSERT INTO EMP VALUES
(7844,'TURNER','SALESMAN',7698,to_date('8-9-1981','dd-mm-yyyy'),1500,0,30);
INSERT INTO EMP VALUES
(7876,'ADAMS','CLERK',7788,to_date('13-JUL-87', 'dd-mm-rr')-51,1100,NULL,20);
INSERT INTO EMP VALUES
(7900,'JAMES','CLERK',7698,to_date('3-12-1981','dd-mm-yyyy'),950,NULL,30);
INSERT INTO EMP VALUES
(7902,'FORD','ANALYST',7566,to_date('3-12-1981','dd-mm-yyyy'),3000,NULL,20);
INSERT INTO EMP VALUES
(7934,'MILLER','CLERK',7782,to_date('23-1-1982','dd-mm-yyyy'),1300,NULL,10);

CREATE TABLE BONUS(
	ENAME VARCHAR2(10),
	JOB VARCHAR2(9),
	SAL NUMBER,
	COMM NUMBER
);
CREATE TABLE SALGRADE( 
	GRADE NUMBER,
	LOSAL NUMBER,
	HISAL NUMBER 
);

INSERT INTO SALGRADE VALUES (1,700,1200);
INSERT INTO SALGRADE VALUES (2,1201,1400);
INSERT INTO SALGRADE VALUES (3,1401,2000);
INSERT INTO SALGRADE VALUES (4,2001,3000);
INSERT INTO SALGRADE VALUES (5,3001,9999);
COMMIT;
EXIT
